{  
   "Points":[{  
      "location":"SLU Main Campus",
      "name":"[Gate] Main Gate",
      "x":"141",
      "y":"206",
      "class":"exit",
      "floor":"G"
   },
   {  
      "location":"SLU Main Campus",
      "name":"[Gate] Gate 4",
      "x":"534",
      "y":"770",
      "class":"exit",
      "floor":"G"
   },
    {  
      "location":"SLU Main Campus",
      "name":"[Gate] Gate 5",
      "x":"510",
      "y":"1024",
      "class":"exit",
      "floor":"G"
   },
    {  
      "location":"SLU Main Campus",
      "name":"[Gate] Gate 6",
      "x":"317",
      "y":"636",
      "class":"exit",
      "floor":"G"
   },
   {  
      "location":"Diego Silang",
      "name":"[DS] Main Entrance",
      "x":"239",
      "y":"293",
      "class":"exit",
      "floor":"2"
   },
   {  
      "location":"Diego Silang",
      "name":"[DS] Main Exit",
      "x":"269",
      "y":"281",
      "class":"exit",
      "floor":"2"
   },
   {  
      "location":"Diego Silang",
      "name":"[DS] Secondary Exit",
      "x":"272",
      "y":"289",
      "class":"exit",
      "floor":"2"
   },
   {  
      "location":"Diego Silang",
      "name":"[DS] Left Side Entrance",
      "x":"297",
      "y":"325",
      "class":"exit",
      "floor":"G"
   },
   {  
      "location":"Diego Silang",
      "name":"[DS] Right Side Entrance",
      "x":"236",
      "y":"343",
      "class":"exit",
      "floor":"G"
   },
   {  
      "location":"Diego Silang",
      "name":"[DS] Right Wing Exit",
      "x":"165",
      "y":"442",
      "class":"exit",
      "floor":"G"
   },
   {  
      "location":"Diego Silang",
      "name":"[DS] Left Wing Exit",
      "x":"376",
      "y":"386",
      "class":"exit",
      "floor":"G"
   },
   {  
      "location":"Diego Silang",
      "name":"[DS] Left Bridge to Aden",
      "x":"401",
      "y":"366",
      "class":"exit"
   },
   {  
      "location":"Diego Silang",
      "name":"[DS] Right Side Accounting",
      "x":"228",
      "y":"375",
      "class":"exit",
      "floor":"G"
   },
   {  
      "location":"Dh",
      "name":"[DH] Ground Floor Entrance 1",
      "x":"229",
      "y":"114",
      "class":"exit",
      "floor":"1"
   },
   {  
      "location":"Dh",
      "name":"[DH] Ground Floor Entrance 2",
      "x":"289",
      "y":"158",
      "class":"exit",
      "floor":"1"
   },
   {  
      "location":"Dh",
      "name":"[DH] Main Entrance",
      "x":"282",
      "y":"182",
      "class":"exit",
      "floor":"3"
   },
   {  
      "location":"Chapel",
      "name":"[Ch] Parish Office",
      "x":"289",
      "y":"187",
      "class":"exit",
      "floor":"3"
   },
   {  
      "location":"Chapel",
      "name":"[Ch] Bridge to Chapel",
      "x":"290",
      "y":"167",
      "class":"exit",
      "floor":"2"
   },
   {  
      "location":"Chapel",
      "name":"[Ch] Main Entrance Chapel",
      "x":"299",
      "y":"222",
      "class":"exit"
   },
   {  
      "location":"Chapel",
      "name":"[Ch] Guidance Office",
      "x":"310",
      "y":"174",
      "class":"exit",
      "floor":"1"
   },
   {  
      "location":"Perfecto",
      "name":"[P] Main Entrance",
      "x":"334",
      "y":"244",
      "class":"exit",
      "floor":"3"
   },
   {  
      "location":"Perfecto",
      "name":"[P] Side Entrance Perfecto",
      "x":"466",
      "y":"318",
      "class":"exit",
      "floor":"2"
   },
   {  
      "location":"Perfecto",
      "name":"[P] Ground Floor Entrance 1",
      "x":"378",
      "y":"216",
      "class":"exit",
      "floor":"1"
   },
   {  
      "location":"Perfecto",
      "name":"[P] Ground Floor Entrance 2",
      "x":"467",
      "y":"284",
      "class":"exit",
      "floor":"1"
   },
   {  
      "location":"Aden",
      "name":"[A] Bridge Entrance",
      "x":"445",
      "y":"394",
      "class":"exit",
      "floor":"2"
   },
   {  
      "location":"Aden",
      "name":"[A] Ground Floor Entrance 1",
      "x":"445",
      "y":"394",
      "class":"exit",
      "floor":"1"
   },
   {  
      "location":"Aden",
      "name":"[A] Ground Floor Entrance 2",
      "x":"427", 
      "y":"427",
      "class":"exit",
      "floor":"1"
   },
   {  
      "location":"Aden",
      "name":"[A] Ground Floor Entrance 3",
      "x":"543", 
      "y":"506",
      "class":"exit",
      "floor":"1"
   },
   {  
      "location":"Aden",
      "name":"[A] Main Entrance",
      "x":"474",
      "y":"506",
      "class":"exit",
      "floor":"3"
   },
   {  
      "location":"Rizal",
      "name":"[R] Main Entrance",
      "x":"436",
      "y":"553",
      "class":"exit"
   },
   {  
      "location":"Rizal",
      "name":"[R] Museum of Natural History",
      "x":"450",
      "y":"565",
      "class":"exit"
   },
   {  
      "location":"Rizal",
      "name":"[R] Backdoor Entrance",
      "x":"408",
      "y":"617",
      "class":"exit",
      "floor":"4"
   },
   {  
      "location":"Rizal",
      "name":"[R] Ate Mitz Canteen",
      "x":"411",
      "y":"658",
      "class":"exit"
   },
   {  
      "location":"BernhardGym",
      "name":"[B] Adminstrative Center",
      "x":"171",
      "y":"537",
      "class":"exit"
   },
   {  
      "location":"BernhardGym",
      "name":"[B] Gym Main Entrance",
      "x":"197",
      "y":"617",
      "class":"exit"
   },
   {  
      "location":"BernhardGym",
      "name":"[B] Secondary Gym Entrance",
      "x":"105",
      "y":"577",
      "class":"exit"
   },
   {  
      "location":"BernhardGym",
      "name":"[B] Stair Case 1",
      "x":"152",
      "y":"521",
      "class":"exit"
   },
   {  
      "location":"BernhardGym",
      "name":"[B] Stair Case 2",
      "x":"198",
      "y":"534",
      "class":"exit"
   },
   {  
      "location":"BernhardGym",
      "name":"[B] Backstage Entrance",
      "x":"175",
      "y":"660",
      "class":"exit"
   },
   {  
      "location":"BernhardGym",
      "name":"[B] MIS Office",
      "x":"128",
      "y":"658",
      "class":"exit"
   },
   {  
      "location":"Vath",
      "name":"[V] First Floor Main Entrance",
      "x":"247",
      "y":"596",
      "class":"exit",
      "floor":"1"
   },
   {  
      "location":"Vath",
      "name":"[V] Giant Steps Entrance",
      "x":"267",
      "y":"560",
      "class":"exit",
      "floor":"1"
   },
   {  
      "location":"Vath",
      "name":"[V] Main Entrance",
      "x":"308",
      "y":"611",
      "class":"exit",
      "floor":"3"
   },
   {  
      "location":"Vath",
      "name":"[V] Museum of Arts and Culture",
      "x":"251",
      "y":"666",
      "class":"exit"
   },
   {  
      "location":"Otto Hann",
      "name":"[OH] Main Entrance",
      "x":"532",
      "y":"611",
      "class":"exit",
      "floor":"4"
   },
   {  
      "location":"OttoHann",
      "name":"[OH] Secondary Entrance",
      "x":"453",
      "y":"746",
      "class":"exit",
      "floor":"4"
   },
   {  
      "location":"OttoHann",
      "name":"[OH] Bridge to Del Baere",
      "x":"471",
      "y":"789",
      "class":"exit",
      "floor":"1"
   },
   {  
      "location":"OttoHann",
      "name":"[OH] Ground Floor Entrance",
      "x":"573",
      "y":"610",
      "class":"exit",
      "floor":"1"
   },
   {  
      "location":"DelBaere",
      "name":"[DB] Main Entrance",
      "x":"516",
      "y":"834",
      "class":"exit"
   },
   {  
      "location":"DelBaere",
      "name":"[DB] Bridge Entrance",
      "x":"484",
      "y":"819",
      "class":"exit"
   },
   {  
      "location":"MountMary",
      "name":"[MM] Entrance 1",
      "x":"549",
      "y":"913",
      "class":"exit",
      "floor":"5"
   },
    {  
      "location":"MountMary",
      "name":"[WD] Women<single>s Dormitory Gate",
      "x":"568",
      "y":"962",
      "class":"exit",
      "floor":"G"
   },
   {  
      "location":"MountMary",
      "name":"[MM] Entrance 2",
      "x":"555",
      "y":"891",
      "class":"exit",
      "floor":"4"
   },
   {  
      "location":"CCA",
      "name":"[CCA] Second Basement Entrance",
      "x":"135",
      "y":"688",
      "class":"exit",
      "floor":"2"
   },
   {  
      "location":"CCA",
      "name":"[CCA] Second Floor Entrance",
      "x":"182",
      "y":"725",
      "class":"exit",
      "floor":"2"
   },
   {  
      "location":"CCA",
      "name":"[CCA] First Basement Entrance",
      "x":"168",
      "y":"691",
      "class":"exit",
      "floor":"3"
   },
   {  
      "location":"CCA",
      "name":"[CCA] Main Entrance",
      "x":"186",
      "y":"706",
      "class":"exit"
   },
   {  
      "location":"CCA",
      "name":"[CCA] Side Entrance",
      "x":"168",
      "y":"747",
      "class":"exit"
   },
   {  
      "location":"CCA",
      "name":"[CCA] Backstage Entrance",
      "x":"153",
      "y":"765",
      "class":"exit"
   },
   {  
      "location":"SacredHeart",
      "name":"[SH] Chapel Entrance",
      "x":"235",
      "y":"825",
      "class":"exit"
   },
   {  
      "location":"SacredHeart",
      "name":"[SH] Main Hospital Entrance",
      "x":"300",
      "y":"868",
      "class":"exit"
   },
   {  
      "location":"SacredHeart",
      "name":"[SH] Emergency Room Entrace",
      "x":"349",
      "y":"873",
      "class":"exit"
   },
   {  
      "location":"SacredHeart",
      "name":"[SH] Side Entrance",
      "x":"271",
      "y":"796",
      "class":"exit"
   },
   {  
      "location":"SacredHeart",
      "name":"[SH] MOMFI Entrance",
      "x":"370",
      "y":"829",
      "class":"exit"
   },
   {  
      "location":"SacredHeart",
      "name":"[SH] 2 Point Hospital Entrance",
      "x":"367",
      "y":"664",
      "class":"exit"
   },
   {  
      "location":"SacredHeart",
      "name":"[SH] Canteen Entrance",
      "x":"376",
      "y":"934",
      "class":"exit"
   },
   {  
      "location":"Annex",
      "name":"[An] Annex Entrance",
      "x":"187",
      "y":"825",
      "class":"exit"
   },
   {  
      "location":"SC",
      "name":"[SC] Student Council Gate",
      "x":"453",
      "y":"1106",
      "class":"exit"
   },
   {  
      "location":"SC",
      "name":"[MD] Men<single>s Dormitory Entrance",
      "x":"452",
      "y":"1122",
      "class":"exit"
   },
   {  
      "location":"SC",
      "name":"[MD] Men<single>s Dormitory Office 1",
      "x":"452",
      "y":"1140",
      "class":"exit"
   },
   {  
      "location":"SC",
      "name":"[MD] Men<single>s Dormitory Office 2",
      "x":"450",
      "y":"1154",
      "class":"exit"
   }]
}