{
	"Labels":[
		{
			"name":"Parking Bldg.",
			"x": "270",
			"y": "100",
			"for":"Parking_Lot, 52" // <name of building>, <indexnumber> in mapdata.json, 
		},
		{
			"name":"D. Silang",
			"x": "235",
			"y": "330",
			"for":"Silang, 53"
		},
		{
			"name":"De Haes",
			"x": "223",
			"y": "155",
			"for":"DH, 51"
		},
		{
			"name":"(P.E.)",
			"x": "240",
			"y": "175",
			"for":"DH, 51"
		},
		{
			"name":"Chapel",
			"x": "295",
			"y": "210",
			"for":"Chapel, 50"
		},
		{
			"name":"W. Perfecto",
			"x": "360",
			"y": "260",
			"for":"Perfecto, 55"
		},
		{
			"name":"C. Adenaur",
			"x": "459",
			"y": "462",
			"for":"Aden, 54"
		},
		{
			"name":"P.B. Gym",
			"x": "135",
			"y": "591",
			"for": "PrinceBernhardGym, 59"
		},
		{
			"name":"C. Vath",
			"x": "265",
			"y": "586",
			"for": "Vath, 45"
		},
		{
			"name":"(Library)",
			"x": "260",
			"y": "606",
			"for": "Vath, 45"
		},
		{
			"name":"J.P. Rizal",
			"x": "397",
			"y": "590",
			"for":"Rizal, 49"
		},
		{
			"name":"CCA",
			"x": "135",
			"y": "731",
			"for":"CCA, 56"
		},
		{
			"name":"Annex",
			"x": "162",
			"y": "805",
			"for":"Annex, 48"
		},
		{
			"name":"O. Hahn",
			"x": "500",
			"y": "695",
			"for":"Hahn, 57"
		},
		{
			"name":"Hospital",
			"x": "320",
			"y": "786",
			"for":""
		},
		{
			"name":"(Sacred Heart)",
			"x": "310",
			"y": "802",
			"for":"SacredHeart, 46"
		},
		{
			"name":"H.",
			"x": "491",
			"y": "838",
			"for":"DB, 63"
		},
		{
			"name":"Del Baere",
			"x": "473",
			"y": "855",
			"for":"DB, 63"
		},
		{
			"name":"Mount Mary",
			"x": "580",
			"y": "900",
			"for":"MaryMount, 60"
		},
		{
			"name":"Student Council",
			"x": "335",
			"y": "1125",
			"for":"StudentCouncil, 61"
		},
		{
			"name":"& Men's Dormitory",
			"x": "345",
			"y": "1145",
			"for":"MensDorm, 39"
		},
		{
			"name":"COPYRIGHT © 2017 BSCS Batch 2018",
			"x": "10",
			"y": "1200",
			"for":""
		}
	]
}