{  
   "mapheight":"1205",
   "mapwidth":"768",

   "Structures":[
      {
         "name":"edgestructure1",
         "type":"path",
         "class":"edgestructure",
         "d":"M579.725,461.458  c37.956,37.27,40.526,6.672,40.526,162.466"
      },
      {
         "name":"edgestructure3",
         "type":"path",
         "class":"edgestructure",
         "d":"M532.519,790.22  c-8.659,24.28,29.954,44.937,29.954,44.937"
      },
      {
         "name":"edgestructure7",
         "type":"path",
         "class":"edgestructure",
         "d":"M289,677.5l-79.99,138c0,0-17.375,54.301-17.398,73.082  c-0.015,11.878,10.889,46.246,10.889,46.246l255.894,125.755"
      },
      {
         "name":"edgestructure8",
         "type":"path",
         "class":"edgestructure",
         "d":"M248.5,900.724l108.828,60.969l169.286,84.64  c0,0,12.289,15.517,15.67,21.337c8.887,15.296-1.27,146.993,0,137.331"
      },
      {
         "name":"edgestructure9",
         "type":"path",
         "class":"edgestructure",
         "d":"M154.277,859.748c0,0-1.119,24.519,0,32.588  c1.879,13.554,14.889,52.669,14.889,52.669s21.966,102.8,46.667,125.333c23.511,21.447,92.445,25.061,124.098,28.35  c27.068,2.813,120.663-4.495,120.663-4.495l2.399,111.338"
      },
      {
         "name":"edgestructure10",
         "type":"path",
         "class":"edgestructure",
         "d":"M202.5,934.828c0,0,12.896,87.791,33.777,106.254  c19.859,17.558,104.223,19.501,104.223,19.501h117.894"
      },
      {
         "name":"edgestructure2",
         "x1":"620.251",
         "x2":"532.519",
         "y1":"623.924",
         "y2":"790.22",
         "class":"edgestructure",
         "type":"line"
      },
      {
         "name":"edgestructure4",
         "x1":"308.167",
         "x2":"269.3",
         "y1":"631.667",
         "y2":"696.584",
         "class":"edgestructure",
         "type":"line"
      },
      {
         "name":"edgestructure6",
         "x1":"294.3",
         "x2":"252.628",
         "y1":"681.662",
         "y2":"752.782",
         "class":"edgestructure",
         "type":"line"
      },
      {
         "name":"edgestructure5",
         "type":"path",
         "class":"edgestructure",
         "d":"M269.3,696.584c0,0-17.599-14.015-24.55-13.334  c-11.883,1.163-36.75,30.5-36.75,30.5"
      },
      {  
         "name":"Gate_shaded1",
         "points":"309.625,629.719 321.184,637.04 318.847,641.1 307.375,633.594 ",
         "class":"shaded",
         "type":"polygon"
      },
      {  
         "name":"Gate_shaded2",
         "points":"530.352,779.59 540.079,762.294 547.496,766.27 538.203,783.25 ",
         "class":"shaded",
         "type":"polygon"
      },
      {
         "name":"Fountain_1",
         "type":"path",
         "class":"fountain_grounds",
         "d":"M316.333,486.167l-20.195-5.789   c0,0,6.95-25.355,43.339-16.021l-7.311,15.144C332.167,479.5,321.833,475,316.333,486.167z"
      },
      {
         "name":"Fountain_3",
         "type":"path",
         "class":"fountain_grounds",
         "d":"M337.337,501.859l14.5,7.833c0,0-5.587,17.373-20.837,11.141   l3.837-5.475l-30.573-16.592l-13.653-2.442c0,0,0.722-10.974,4.222-11.974l20.17,5.675   C315.004,490.025,317.527,509.184,337.337,501.859z"
      },
      {
         "name":"Fountain_2",
         "type":"path",
         "class":"fountain_grounds",
         "d":"M336.12,481.167l7.88-14.458   c0,0,27.007,13.204,10.733,38.767l-15.256-7.26C339.478,498.215,345.167,486.167,336.12,481.167z"
      },
      {
         "name":"Main_gate",
         "type":"path",
         "class":"shaded",
         "d":"M169.739,196.357l3.5-6l-15.504-7.335l-27.333,40.665l12.392,7.498l4.446-6.328   c0,0,17.788,4.134,63.788,34.801L246.401,309l32-10.667l-42.329-53.979L169.739,196.357z"
      },
      {
         "name":"MM_Stairs",
         "type":"polygon",
         "class":"pathway",
         "points":"503.216,1023.035 521.5,1030.672   552.167,980.667 610.239,960.295 615.719,917.16 598.973,914.833 592.634,945.52 552.446,960.374 516.168,954.396 490.143,938.919   503.051,913.728 495.028,909.334 483,926.75 470.5,892.5 499.487,913.376 544.023,920.396 545.925,911.609 551.439,886.132   542.284,884.001 536.833,910.334 503.75,903 483.5,888.582 466.103,873.239 477.03,868.264 470.969,849.722 459.25,855.5   442.5,843.75 432,859.748 446.281,870.631 469.282,951.035 507.167,973.333 532.833,977.486 "
      },
      {
         "name":"MM_stairs_shaded1",
         "points":"568.033,954.396 574.079,973.2 569.172,975.238 562.782,956.188 ",
         "class":"darkened",
         "type":"polygon"
      },
      {
         "name":"MM_stairs_shaded2",
         "points":"499.332,1015.072 526.614,1033.584 522.977,1041.082 495.028,1022.59 ",
         "class":"darkened",
         "type":"polygon"
      },
      {
         "name":"Silang_PrinceBernhard",
         "points":"204.401,464.082 176.968,454.535 178.914,448.914 158.399,441.285 150,465.954 153.431,467.242    130.219,520.815 151.544,528.863 174.323,475.083 157.013,468.586 197.383,483.738  ",
         "class":"shaded",
         "type":"polygon"
      },
      {
         "name":"Perfecto-aden",
         "points":"474.514,302.478 498.25,316.25 476.5,354.25 464.066,347.042 440,384.743      427.532,376.681",
         "class":"shaded",
         "type":"polygon"
      },
      {
         "name":"AdenPath",
         "points":"419.281,383.243 440.288,397.234 395.667,462.158 453,499.416 440.5,518.918       364,469",
         "class":"pathway",
         "type":"polygon"
      },
      {  
         "name":"Silang Exit Stairs 1",
         "points":"273.166,276.667    276.222,284.591 263.122,288.986 259.594,280.855  ",
         "class":"outdoor_stairs",
         "type":"polygon"
      },
      {  
         "name":"Silang Entry Stairs",
         "points":"239.804,287.009    242.976,294.888 229.94,299.473 226.295,291.395  ",
         "class":"outdoor_stairs",
         "type":"polygon"
      },
      {  
         "name":"Silang Side Stairs",
         "points":"268.574,287.667 277.299,284.548    274.986,278.49 282.028,275.95 287.054,289.765 271.5,294.833  ",
         "class":"outdoor_stairs",
         "type":"polygon"
      },
      {  
         "name":"VathStairs",
         "points":"333.754,619.661 315.94,608.681 364.787,523.009   388.154,537.08 ",
         "class":"outdoor_stairs",
         "type":"polygon"
      },
      {  
         "name":"GSteps",
         "points":"306.153,496.179 285.663,493.19 228.315,587.147 241.214,606.77    ",
         "class":"outdoor_stairs",
         "type":"polygon"
      },
      {  
         "name":"PBS_Stairs1",
         "points":"208.091,599.459 239.711,609.447 221.144,642.535 196,633.589  ",
         "class":"pathway",
         "type":"polygon"
      },
      {  
         "name":"PBS_Stairs2",
         "points":"104,521.25 124.826,527.346 99.317,597.262 78.75,587.25  ",
         "class":"outdoor_stairs",
         "type":"polygon"
      },
      {  
         "name":"PBS_Stairs3",
         "points":"233.167,556.858 214.923,607.03 205.793,603.816   223.233,553.575 ",
         "class":"outdoor_stairs",
         "type":"polygon"
      },
      {  
         "name":"PBS_Stairs4",
         "points":"118.96,665.774 147.566,676.25 147.566,683.197   116.898,671.168 ",
         "class":"outdoor_stairs",
         "type":"polygon"
      },
      {  
         "name":"PBS_Stairs5",
         "points":"124.167,667.682 125.611,662.921 130.62,664.858   129.337,669.574 ",
         "class":"outdoor_stairs",
         "type":"polygon"
      },
      {  
         "name":"PBS_Stairs6",
         "points":"134.667,683.096 136.111,678.335 141.12,680.272   139.837,684.988 ",
         "class":"outdoor_stairs",
         "type":"polygon"
      },
      {  
         "name":"PBS_Stairs7",
         "points":"203.489,638.996 184.379,694.467 178.974,692.461   199.333,637.328 ",
         "class":"outdoor_stairs",
         "type":"polygon"
      },
      {  
         "name":"PBS_Stairs8",
         "points":"214.192,651.443 209.327,660.406 197.988,655.213   201.476,644.84 ",
         "class":"outdoor_stairs",
         "type":"polygon"
      },
      {  
         "name":"PBS_Stairs9",
         "points":"199.124,665.774 195.779,674.618 191.611,673.136   194.832,664.125 ",
         "class":"outdoor_stairs",
         "type":"polygon"
      },
      {  
         "name":"PBS_Stairs10",
         "points":"191.611,726.517 178.44,747.518 173.248,743.855   186.729,722.909 ",
         "class":"outdoor_stairs",
         "type":"polygon"
      },
      {  
         "name":"AnnexBridge",
         "points":"209.617,717.297 221.073,723.676 224.136,716.147 262.386,716.147  305.219,750.147 317.886,752.48 324.886,742.48 267.251,702.563 218.886,702.563  ",
         "class":"shaded",
         "type":"polygon"
      },
      {  
         "name":"VathStairs1_2_",
         "points":"389.151,539.169 379.652,553.805 353.16,538.032  362.75,522.625   ",
         "class":"outdoor_stairs",
         "type":"polygon"
      },
      {
         "name":"MensDorm",
         "displayname":"Men's Dormitory",
         "type":"path",
         "class":"Building",
         "d":"M419.361,1165.071l9.7-61.332  c0,0,16.332-16.63,29.332,3.006v58.162"
      },
      {
         "name":"Silang-Aden_1_",
         "type":"path",
         "class":"shaded",
         "d":"M398.938,370.569l42.445,29.523l7.417-11.224l-44.198-29.515L398.938,370.569"
      },
      {  
         "name":"P-C-DH",
         "points":"344.617,257.598 332.544,276.708 294.773,248.667 264.51,290.907 248.614,270.636  273.667,233.667 244.931,212.737 259.106,195.239  ",
         "class":"shaded",
         "type":"polygon"
      },
      {  
         "name":"Rizal-Aden_Shade",
         "points":"482.046,516.932 465.786,506.112 459.429,514.712 453.604,511.274  427.546,547.805 450.03,562.52  ",
         "class":"shaded",
         "type":"polygon"
      },
      {  
         "name":"Aden-SWA",
         "points":"559.802,601.785 573.446,580.96 480.65,518.918 466.813,539.445 	",
         "class":"shaded",
         "type":"polygon"
      },
      {  
         "name":"SH-Rizal_shade",
         "points":"480.885,692.112 490.73,675.426 358.5,583.5 346,602.073 	",
         "class":"shaded",
         "type":"polygon"
      },
      {  
         "name":"Vath",
         "displayname":"Charles Vath Building",
         "points":"329.32,523.441 335.32,514.48 306.153,496.179 303.625,500.51 265.987,565.014  251.903,555.262 234.653,585.262 248.653,593.512 209.934,662.512 239.903,680.512 245.653,670.762 272.102,686.845  355.986,539.762  ",
         "class":"Building",
         "type":"polygon",
         "text":"You can add a note here.", 
         "description":"School of Law (SOL) resides here, the University's Library,  SSD office, Museum of Arts and  Culture"
      },
      {  
         "name":"SacredHeart",
         "displayname":"Hospital of the Sacred Heart",
         "points":"364.698,673.551 319.901,643.062 346,602.073 440.408,665.286 412.141,704.844  387.971,688.633 336.018,765.154 341.923,768.908 376.071,716.666 418.783,743.113 383.434,796.316 395.764,805.144  373.489,838.178 419.816,868.481 394.986,906.678 335.07,866.452 321.595,885.497 228.315,821.524 237.413,808.324 229.283,802.61 251.753,768.906 273.637,783.097 267.038,792.497 308.794,820.836 317.611,807.385 280.534,783.449 306.146,745.55  314.885,749.757  ",
         "class":"Building",
         "type":"polygon",
         "text":"You can add a note here.",
         "description":"Saint Louis University's Hospital of the Sacred Heart. You can easily reach it by coming out from Gate 6, or by walking from the Otto Hahn Path."
      },
      {  
         "name":"HospitalCanteen",
         "displayname":"Hospital Canteen",
         "points": "391.198,906.528   422.707,923.446 391.198,977.486 359.959,962.622 ",
         "class":"Building",
         "type":"polygon"
      },
      {  
         "name":"Annex",
         "displayname":"Annex Building",
         "points":"126.219,845.147 154.885,862.146 164.077,846.612 177.39,854.527 236.885,732.48  207.552,716.147 174.219,781.48 162.886,775.147  ",
         "class":"Building",
         "type":"polygon",
         "text":"You can add a note here.",
         "description":"This building is the hospital's annex."
      },
      {  
         "name":"Rizal",
         "displayname":"Dr. Jose P. Rizal Building",
         "points":"397.002,527.815 358.5,583.5 459.326,653.774 497.75,593.75 	",
         "class":"Building",
         "type":"polygon",
         "text":"You can add a note here.", 
         "description":"School of Medicine (SOM) and School of Natural Sciences (SNS) resides here. Museum of Natural History is also here."
      },
      {  
         "name":"Chapel",
         "displayname":"SLU Chapel",
         "points":"275.371,209.355 304.371,161.688 351.871,193.521 322.333,242.667 	",
         "class":"Building",
         "type":"polygon",
         "text":"You can add a note here.", 
         "description":"The St. Aloysius Gonzaga Chapel. The Guidance Office can be found in the lower level as well as the Parish Ministry Office."
      },
      {  
         "name":"DH",
         "displayname":"Fr. Joseph De Haes (PE Building)",
         "points":"208.945,131.96 224.501,108.275 298.748,164.785 273.52,206.79 209.041,155.119  218.255,140.414  ",
         "class":"Building",
         "type":"polygon",
         "text":"You can add a note here.", 
         "description":"P.E. classes are being held here. A gym for the faculty and athletes can be found in the lowest floor."
      },
      {  
         "name":"Parking_Lot",
         "displayname":"Parking Building",
         "points":"227.038,84.355 275.371,18.355 378.372,105.022 329.705,168.355 	",
         "class":"Building",
         "type":"polygon",
         "text":"You can add a note here.", 
         "description":"Newly built building which contains severals offices and a parking space at the lowest floor."
      },
      {  
         "name":"Silang",
         "displayname":"Diego Silang Building",
         "points":"157.757,441.412 178.039,450.341 175.535,455.805 203.367,467.305 233.702,372.805  228.077,369.43 231.202,349.805 243.702,344.305 271.327,445.616 319.702,431.682 289.535,328.138 301.535,324.805  321.202,338.471 319.535,350.805 387.701,396.805 415.701,341.805 315.702,280.805 196.702,320.305  ",
         "class":"Building",
         "type":"polygon",
         "text":"You can add a note here.", 
         "description":"This is the first building to be built. The School of Nursing (SON) resides here. This is currently where the Finance, Registrar, and Student Affairs Office is located."
      },
      {  
         "name":"Aden",
         "displayname":"Dr. Conrad Adenaur Building",
         "points":"455.418,378.855 400.252,462.332 525.164,545.461 580.332,463.855 	",
         "class":"Building",
         "type":"polygon",
         "text":"You can add a note here.", 
         "description":"The School of Natural Sciences (SNS) resides here. Laboratory classes in Chemistry and Physics are being conducted here."
      },
      {  
         "name":"Perfecto",
         "displayname":"Dr. Waldo Perfecto Building",
         "points":"478.34,304.906 458.783,338.106 325.333,244 355.257,195.239 476.09,277.862  466.258,297.239 	",
         "class":"Building",
         "type":"polygon",
         "text":"You can add a note here.", 
         "description":"The School of Teaching and Liberal Arts (STELA) resides here."
      },
      {  
         "name":"CCA",
         "displayname":"Center of Culture and the Arts Building",
         "points":"116.552,687.012 124.886,682.012 148.886,691.678 156.219,686.845 184.886,696.678  192.219,717.345 146.219,789.012 137.552,787.012 130.552,793.345 116.552,789.345  ",
         "class":"Building",
         "type":"polygon",
         "text":"You can add a note here.", 
         "description":"This is where major art and culture-related school events are being held, eg. drama, music, cultural shows, sometimes even Seminars."
      },
      {  
         "name":"Hahn",
         "displayname":"Otto Hahn Building",
         "points":"543.25,591.423 595.25,624.327 496.168,806.327 438.301,769.327 	",
         "class":"Building",
         "type":"polygon",
         "text":"You can add a note here.", 
         "description":"School of Engineering (SEA) Resides here. Several laboraties related to engineering can also be found here."
      },
      {  
         "name":"AdenResearch",
         "displayname":"Adenaur Research Building",
         "points":"526.584,546.3 544.12,557.218 557.584,534.301 564.916,534.301  578.666,509.884 568.916,503.134 574.916,493.884 565.893,488.031  ",
         "class":"Building",
         "type":"polygon",
         "text":"You can add a note here.", 
         "description":"A small research building beside Adenaur."
      },
      {  
         "name":"PrinceBernhardGym",
         "displayname":"Prince Bernhard Gym",
         "points":"127.15,516.011 131.483,517.678 134.816,505.678 155.15,513.344  151.15,525.515 197.816,543.011 201.733,532.081 222.912,539.497 219.113,550.86 224.983,552.747 185.483,664.248 175.81,661.411 170.681,675.817 158.983,672.081 157.316,677.345 102.15,656.011 103.816,650.581 93.149,646.248 98.654,630.886 86.816,626.414 ",
         "class":"Building",
         "type":"polygon",
         "text":"You can add a note here.", 
         "description":"Major school events are being held here, eg. Sports-related, contests, orientations, etc."
      },
      {  
         "name":"MaryMount",
         "displayname":"Mary Mount",
         "points":"697.655,853.634 670.036,842.126   668.217,852.02 649.633,844.275 639.493,899.411 632.304,896.313 637.128,872.664 614.898,864.691 610.491,886.913 601.936,883.229   606.653,859.515 579.409,849.77 580.923,841.097 562.473,835.156 542.284,928.433 570.118,942.007 572.88,928.75 591.176,936.689   598.366,901.214 601.589,902.604 598.973,914.833 614.694,921.944 617.38,909.407 682.36,936.832 ",
         "class":"Building",
         "type":"polygon",
         "text":"You can add a note here.", 
         "description":"Ladies Dormitory, Cardjin Hall, and some classrooms can be found here."
      },
      {  
         "name":"StudentCouncil",
         "displayname":"Student Council Building",
         "points":"411.18,1097.973   409.454,1104.514 399.331,1099.018 373.394,1166.907 392.089,1166.907 393.597,1166.907 414.614,1166.907 431.747,1102.545 ",
         "class":"Building",
         "type":"polygon",
         "text":"You can add a note here.", 
         "description":"The office of the Supreme Student Council and University-Wide Organizations are here. The University's official Publication and NSTP office are here as well."
      },
      {  
         "name":"DB-Hahn",
         "points":"473.75,826.408 488.023,820.4 483.292,798.095 464.154,785.857  ",
         "class":"shaded",
         "type":"polygon"
      },
      {  
         "name":"DB",
         "displayname":"Fr. Hugo Del Baere Building",
         "points":"512.808,811.039 464.154,829.417 481.809,883.419 531.346,862.642  ",
         "class":"Building",
         "type":"polygon",
         "text":"You can add a note here.", 
         "description":"Drawing Classrooms for the School of Engineering and Architecture (SEA) students."
      },
      {  
         "name":"AteMitz",
         "displayname":"Canteen (Ate Mitz)",
         "points":"414.282,702.563 437.895,663.082    450.735,671.724 426.25,710.5  ",
         "class":"Building",
         "type":"polygon",
         "text":"You can add a note here.", 
         "description":"A small canteen nearby Rizal building. Rumors say that prices are cheaper here."
      },
      {  
         "name":"Fountain_1_",
         "transform":"matrix(0.9675 0.2529 -0.2529 0.9675 134.8104 -67.0253)",
         "cy":"490.979",
         "cx":"328.173",
         "rx":"8.067",
         "ry":"8.459",
         "class":"fountain",
         "type":"ellipse"
      }
   ]
}