{


    "Gates":[
    	{"keyword":"MainGate","display":"Main Gate"},
 		{"keyword":"Gate4", "display":"Gate 4" },
 		{"keyword":"Gate5", "display":"Gate 5"},
 		{"keyword":"Gate6", "display":"Gate 6"}
 	],

	"Paths": [
			{
				"pair":"Silang Rizal",
				"points":"297 325, 308 354, 335 387, 359 421, 385 470, 425 499, 439 527, 436 553",
				"type":"primary"
			},
			{
				"pair":"Silang Aden",
				"points":"401 366, 445 394",
				"type":"primary"
			},
			{
				"pair":"Silang PrinceBernhardGym",
				"points":"236 343, 241 381, 244 445, 241 504, 234 553, 221 585, 214 605, 206 617, 197 617",
				"type":"primary"
			},
			{
				"pair":"PrinceBernhardGym Vath",
				"points":"197 617, 213 616, 231 603, 247 596",
				"type":"primary"
			},
			{
				"pair":"Rizal Vath",
				"points":"408 617, 386 615, 342 586, 308 611",
				"type":"primary"
			},
			{
				"pair":"Rizal Aden",
				"points":"436 553, 474 506",
				"type":"primary"
			},

			{
				"pair":"Silang Vath",
				"points":"228 375, 255 546, 267 560",
				"type":"primary"
			},

			{
				"pair":"Silang Hahn",
				"points":"297 325, 333 421, 363 478, 497 576, 532 611",
				"type":"primary"
			},

			{
				"pair":"Silang CCA",
				"points":"165 442, 163 457, 200 475, 236 513, 238 533, 193 676, 186 706",
				"type":"primary"
			},

			{
				"pair":"Silang SacredHeart",
				"points":"297 325, 321 395, 335 447, 362 476, 371 497, 354 526, 374 540, 317 636, 316 644, 351 670, 367 664",
				"type":"primary"
			}, 

			{
				"pair":"Silang DB",
				"points":"297 325, 333 421, 363 478, 497 576, 516 592, 476 678, 437 736, 453 746, 471 789, 484 819 ",
				"type":"primary"
			},

			{
				"pair":"Aden Hahn",
				"points":"474 506, 449 540, 449 545, 515 588, 518 603, 532 611",
				"type":"primary"
			},

			{
				"pair":"Aden Hahn",
				"points":"573 610, 593 568, 545 538, 543 506",
				"type":"alternate"
			},

			{
				"pair":"Aden Vath",
				"points":"474 502, 447 540,367 499, 345 522, 369 534, 346 577,331 601, 308 611",
				"type":"primary"
			},

			{
				"pair":"Aden DB",
				"points":"474 506, 449 540, 449 545, 515 588, 518 603, 532 611, 471 789, 484 819",
				"type":"primary"
			},


			{
				"pair":"Aden SacredHeart",
				"points":"474 502, 447 540, 436 553, 408 617, 393 618, 346 588, 305 646, 334 672, 367 664",
				"type":"primary"
			},

			{
				"pair":"Aden PrinceBernhardGym",
				"points":"474 502, 447 540, 381 504, 360 473, 334 446, 306 450, 287 472, 235 556, 217 593, 208 615, 197 617",
				"type":"primary"
			},

			{
				"pair":"Aden CCA",
				"points":"474 502, 447 540, 381 504, 360 473, 334 446, 306 450, 287 472, 235 556, 217 593, 208 615, 190 675, 186 706",
				"type":"primary"
			},

			{
				"pair":"Aden Perfecto",
				"points":"445 394,429 379, 440 376, 465 338, 466 318",
				"type":"primary"
			},

			{
				"pair":"Aden Chapel",
				"points":"474 506, 446 545, 380 498, 356 471, 332 407, 306 351, 297 325, 275 307, 272 289, 281 286, 276 272, 275 265, 288 234, 299 222",
				"type":"primary"
			},

			{
				"pair":"Aden Chapel",
				"points":"445 394, 429 381, 401 366, 297 300,278 284, 280 288,262 262, 285 233, 299 222",
				"type":"alternate"
			},

			{
				"pair":"Rizal Hahn",
				"points":"436 553, 470 557, 520 590, 532 611",
				"type":"primary"
			},

			{
				"pair":"Rizal SacredHeart",
				"points":"408 617, 386 615, 342 586, 302 648, 330 661, 367 664",
				"type":"primary"
			}, 

			{
				"pair":"Rizal PrinceBernhardGym",
				"points":"436 553, 447 537, 362 481, 353 467, 339 453, 311 450, 285 472, 223 576, 212 620, 197 617",
				"type":"primary"
			},

			{
				"pair":"Rizal CCA",
				"points":"436 553, 447 537, 362 481, 353 467, 339 453, 311 450, 285 472, 223 576, 212 620, 193 673, 186 706",
				"type":"primary"
			},

			{
				"pair":"Rizal DB",
				"points":"436 553, 470 557, 520 590, 532 611, 471 789, 484 819",
				"type":"primary"
			},

			{
				"pair":"Vath CCA",
				"points":"246 596, 220 621, 191 670, 186 706",
				"type":"primary"
			},

			{
				"pair":"Vath SacredHeart",
				"points":"308 611, 317 636, 316 644, 351 670, 367 664",
				"type":"primary"
			},

			{
				"pair":"Vath Hahn",
				"points":"308 611, 343 588, 458 665, 466 690, 453 746",
				"type":"primary"
			},

			{
				"pair":"Vath DB",
				"points":"308 611, 343 588, 458 665, 466 690, 453 746, 471 789, 484 819",
				"type":"primary"
			},

			{
				"pair":"Hahn PrinceBernhardGym",
				"points":"532 611, 491 563, 357 475, 342 453, 320 452, 298 463, 253 523, 220 582, 211 617, 197 617",
				"type":"primary"
			},

			{
				"pair":"Hahn CCA",
				"points":"532 611, 491 563, 357 475, 342 453, 320 452, 298 463, 253 523, 220 582, 211 617, 190 675, 186 706",
				"type":"primary"
			},

			{
				"pair":"DB CCA",
				"points":"484 819, 471 789, 532 611, 491 563, 357 475, 342 453, 320 452, 298 463, 253 523, 220 582, 211 617, 190 675, 186 706",
				"type":"primary"
			},

			{
				"pair":"DB PrinceBernhardGym",
				"points":"484 819, 471 789, 532 611, 491 563, 357 475, 342 453, 320 452, 298 463, 253 523, 220 582, 211 617, 197 617",
				"type":"primary"
			},

			{
				"pair":"SacredHeart Hahn",
				"points":"370 829,409 810,417 769 453 746",
				"type":"primary"
			},

			{
				"pair":"SacredHeart DB ",
				"points":"367 664, 305 648, 343 588, 458 665, 466 690, 453 746, 484 819",
				"type":"primary"
			},

			{
				"pair":"Hahn DB",
				"points":"484 819, 471 789",
				"type":"primary"
			},

			{
				"pair":"SacredHeart CCA",
				"points":"367 664, 351 670, 316 644, 317 636, 317 630, 308 628, 273 690, 247 675, 240 684, 220 672, 186 706",
				"type":"primary"
			},

			{
				"pair":"SacredHeart PrinceBernhardGym",
				"points":"367 664, 351 670, 316 644, 317 636, 317 630, 308 628, 273 690, 247 675, 240 684, 201 660, 216 621, 197 617",
				"type":"primary"
			},

			{
				"pair":"Silang Perfecto",
				"points":"272 289, 281 286, 276 272, 275 265, 288 234, 324 256, 334 244",
				"type":"primary"
			},

			{
				"pair":"Silang Chapel",
				"points":"272 289, 281 286, 276 272, 275 265, 288 234, 299 222",
				"type":"primary"
			},

			{
				"pair":"Silang DH",
				"points":"272 289, 281 286, 276 272, 275 265, 288 234, 265 213, 282 182",
				"type":"primary"
			},

			{
				"pair":"Aden DH",
				"points":"474 506, 446 545, 380 498, 356 471, 332 407, 306 351, 297 325, 275 307, 272 289, 281 286, 276 272, 275 265, 288 234, 265 213, 282 182",
				"type":"primary"
			},

			{
				"pair":"Aden DH",
				"points":"445 394, 429 381, 401 366, 297 300,280 288,262 262, 285 233, 263 216,282 182",
				"type":"alternate"
			},

			{
				"pair":"PrinceBernhardGym Perfecto",
				"points":"197 617, 213 617, 225 570, 256 517, 248 434, 236 343, 272 289, 281 286, 276 272, 275 265, 288 234, 324 256, 334 244",
				"type":"primary"
			},

			{
				"pair":"PrinceBernhardGym Chapel",
				"points":"197 617, 213 617, 225 570, 256 517, 248 434, 236 343, 272 289, 281 286, 276 272, 275 265, 288 234, 299 222",
				"type":"primary"
			},

			{
				"pair":"PrinceBernhardGym DH",
				"points":"197 617, 213 617, 225 570, 256 517, 248 434, 236 343, 272 289, 281 286, 276 272, 275 265, 288 234, 265 213, 282 182",
				"type":"primary"
			},

			{
				"pair":"Vath Perfecto",
				"points":"308 611, 346 578, 375 542, 350 523, 368 497, 356 458, 315 373, 297 325, 289 307, 275 307, 272 289, 281 286, 276 272, 275 265, 288 234, 324 256, 334 244",
				"type":"primary"
			},

			{
				"pair":"Vath Chapel",
				"points":"308 611, 346 578, 375 542, 350 523, 368 497, 356 458, 315 373, 297 325, 289 307, 275 307, 272 289, 281 286, 276 272, 275 265, 288 234, 299 222",
				"type":"primary"
			},

			{
				"pair":"Vath DH",
				"points":"308 611, 346 578, 375 542, 350 523, 368 497, 356 458, 315 373, 297 325, 289 307, 275 307, 272 289, 281 286, 276 272, 275 265, 288 234, 265 213, 282 182",
				"type":"primary"
			},

			{
				"pair":"Rizal Perfecto",
				"points":"436 553,474 506,491 491,500 496,506 488, 469 467, 499 423, 429 381, 456 337, 465 341, 468 334, 468 318",
				"type":"alternate"
			},

			{
				"pair":"Rizal Perfecto",
				"points":"436 553, 468 514,380 461,463 339,466 318",
				"type":"primary"
			},

			{
				"pair":"Rizal Chapel",
				"points":"436 553, 436 553, 425 499, 385 470, 359 421, 335 387, 308 354, 297 325, 275 307, 272 289, 281 286, 276 272, 275 265, 288 234, 299 222",
				"type":"primary"
			},

			{
				"pair":"Rizal DH",
				"points":"436 553, 436 553, 425 499, 385 470, 359 421, 335 387, 308 354, 297 325, 275 307, 272 289, 281 286, 276 272, 275 265, 288 234, 265 213, 282 182",
				"type":"primary"
			},

			{
				"pair":"Hahn Perfecto",
				"points":"532 611,541 576,465 520,474 506,491 491,500 496,506 488, 469 467, 499 423, 429 381, 456 337, 465 341, 468 334, 468 318",
				"type":"alternate"
			},

			{
				"pair":"Hahn Perfecto",
				"points":"532 611, 497 576, 367 475 ,462 337, 467 318",
				"type":"primary"
			},

			{
				"pair":"Hahn Chapel",
				"points":"532 611, 497 576, 363 478, 333 421, 297 325, 297 325, 275 307, 272 289, 281 286, 276 272, 275 265, 288 234, 299 222",
				"type":"primary"
			},

			{
				"pair":"Hahn Chapel",
				"points":"532 611,541 576,465 520,474 506,491 491,500 496,506 488, 469 467, 499 423, 429 381, 401 366, 297 300,278 284, 280 288,262 262, 285 233, 299 222",
				"type":"alternate"
			},

			{
				"pair":"Hahn DH",
				"points":"532 611, 497 576, 363 478, 333 421, 297 325, 297 325, 275 307, 272 289, 281 286, 276 272, 275 265, 288 234, 265 213, 282 182",
				"type":"primary"
			},

			{
				"pair":"Hahn DH",
				"points":"532 611,541 576,465 520,474 506,491 491,500 496,506 488, 469 467, 499 423, 429 381, 401 366, 297 300,278 284, 280 288,262 262, 285 233, 263 216,282 182",
				"type":"alternate"
			},

			{
				"pair":"DB Perfecto",
				"points":"484 819, 471 789, 532 611, 497 576, 363 478, 333 421, 297 325, 297 325, 280 288,262 262, 285 233, 315 253, 334 244",
				"type":"primary"
			},

			{
				"pair":"DB Chapel",
				"points":"484 819, 471 789, 532 611, 497 576, 363 478, 333 421, 297 325, 275 307, 272 289, 281 286, 276 272, 275 265, 288 234, 299 222",
				"type":"primary"
			},

			{
				"pair":"DB DH",
				"points":"484 819, 471 789, 532 611, 497 576, 363 478, 333 421, 297 325, 275 307, 272 289, 281 286, 276 272, 275 265, 288 234, 265 213, 282 182",
				"type":"primary"
			},

			{
				"pair":"CCA Perfecto",
				"points":"186 706, 193 676, 238 533, 236 513, 200 475, 163 457, 165 442, 186 441, 219 346, 272 289, 281 286, 276 272, 275 265, 288 234, 324 256, 334 244",
				"type":"primary"
			},

			{
				"pair":"CCA Chapel",
				"points":"186 706, 193 676, 238 533, 236 513, 200 475, 163 457, 165 442, 186 441, 219 346, 272 289, 281 286, 276 272, 275 265, 288 234, 299 222 ",
				"type":"primary"
			},

			{
				"pair":"CCA DH",
				"points":"186 706, 193 676, 238 533, 236 513, 200 475, 163 457, 165 442, 186 441, 219 346, 272 289, 281 286, 276 272, 275 265, 288 234, 265 213, 282 182",
				"type":"primary"
			},

			{
				"pair":"SacredHeart Perfecto",
				"points":"367 664, 321 652, 309 646, 374 540, 354 526, 371 497, 362 476, 335 447, 321 395, 297 325, 280 288,262 262, 285 233, 315 253, 334 244",
				"type":"primary"
			},

			{
				"pair":"SacredHeart Chapel",
				"points":"367 664, 321 652, 309 646, 374 540, 354 526, 371 497, 362 476, 335 447, 321 395, 297 325, 275 307, 272 289, 281 286, 276 272, 275 265, 288 234, 299 222",
				"type":"primary"
			},

			{
				"pair":"SacredHeart DH",
				"points":"367 664, 321 652, 309 646, 374 540, 354 526, 371 497, 362 476, 335 447, 321 395, 297 325, 275 307, 272 289, 281 286, 276 272, 275 265, 288 234, 265 213, 282 182",
				"type":"primary"
			},

			{
				"pair":"MaryMount Silang",
				"points":"549 913,504 907,460 880,442 855,409 814, 426 747,519 588,366 496,358 462, 297 325",
				"type":"primary"
			},

			{
				"pair":"MaryMount Perfecto",
				"points":"549 913,504 907,460 880,442 855,409 814, 426 747,519 588,366 496,358 462, 297 325,280 288,262 262, 285 233, 315 253, 334 244",
				"type":"primary"
			},

			{
				"pair":"MaryMount Chapel",
				"points":"549 913,504 907,460 880,442 855,409 814, 426 747,519 588,366 496,358 462, 297 325, 275 307, 272 289, 281 286, 276 272, 275 265, 288 234, 299 222",
				"type":"primary"
			},
			
			{
				"pair":"MaryMount DH",
				"points":"549 913,504 907,460 880,442 855,409 814, 426 747,519 588,366 496,358 462, 297 325, 275 307, 272 289, 281 286, 276 272, 275 265, 288 234, 265 213, 282 182",
				"type":"primary"
			},

			{
				"pair":"MaryMount Aden",
				"points":"549 913,504 907,460 880,442 855,409 814, 426 747,519 588, 445 538 474, 506",
				"type":"primary"
			},

			{
				"pair":"MaryMount Rizal",
				"points":"549 913,504 907,460 880,442 855,409 814, 426 747,519 588, 492 570, 436 553",
				"type":"primary"
			},

			{
				"pair":"MaryMount Vath",
				"points":"549 913,504 907,460 880,442 855,409 814, 426 747, 471 669, 339 585, 308 611",
				"type":"primary"
			},

			{
				"pair":"MaryMount PrinceBernhardGym",
				"points":"549 913,504 907,460 880,442 855,409 814, 426 747, 471 669, 339 585,276 676, 267 685, 249 673, 240 681, 198 660, 216 621, 197 617",
				"type":"primary"
			},

			{
				"pair":"MaryMount CCA",
				"points":"549 913,504 907,460 880,442 855,409 814, 426 747, 471 669, 339 585,276 676, 267 685, 249 673, 240 681, 186 706",
				"type":"primary"
			},

			{
				"pair":"MaryMount SacredHeart",
				"points":"549 913,504 907,460 880,442 855, 370 829",
				"type":"primary"
			},

			{
				"pair":"MaryMount Hahn",
				"points":"549 913,504 907,460 880,442 855,409 814,414 769 ,453 746",
				"type":"primary"
			},

			{
				"pair":"MaryMount DB",
				"points":"549 913,504 907,460 880,442 855,409 814,414 769 ,453 746, 471 789, 484 819",
				"type":"primary"
			},

			{
				"pair":"MaryMount MensDorm",
				"points":"549 913,504 907, 475 942, 544 968, 510 1024, 452 1122",
				"type":"primary"
			},

			{
				"pair":"MaryMount StudentCouncil",
				"points":"549 913,504 907, 475 942, 544 968, 510 1024, 453 1106",
				"type":"primary"
			},

			{
				"pair":"Silang MensDorm",
				"points":"297 325, 361 473, 357 523, 374 541, 348 586, 395 623, 465 666, 448 720, 400 814, 456 868, 480 943, 544 972, 510 1024, 468 1110, 452 1122",
				"type":"primary"
			},

			{
				"pair":"MensDorm Perfecto",
				"points":"452 1122, 510 1024, 544 968, 480 948, 450 868, 428 838,422 806 , 420 768, 510 611, 497 576, 363 478, 333 421, 297 325, 297 325, 275 307, 272 289, 281 286, 276 272, 275 265, 288 234, 315 253, 334 244",
				"type":"primary"
			},

			{
				"pair":"MensDorm Chapel",
				"points":"452 1122, 510 1024, 544 968, 480 948, 450 868, 428 838,422 806 , 420 768, 510 611, 497 576, 363 478, 333 421, 297 325, 297 325, 275 307, 272 289, 281 286, 276 272, 275 265, 288 234, 299 222",
				"type":"primary"
			},
			
			{
				"pair":"MensDorm DH",
				"points":"452 1122, 510 1024, 544 968, 480 948, 450 868, 428 838,422 806 , 420 768, 510 611, 497 576, 363 478, 333 421, 297 325, 297 325, 275 307, 272 289, 281 286, 276 272, 275 265, 288 234, 265 213, 282 182",
				"type":"primary"
			},

			{
				"pair":"MensDorm Aden",
				"points":"452 1122, 510 1024, 544 968, 480 948, 450 868, 428 838,422 806 , 420 768, 514 582, 446 544, 474 506",
				"type":"primary"
			},

			{
				"pair":"MensDorm Rizal",
				"points":"452 1122, 510 1024, 544 968, 480 948, 450 868, 428 838,422 806 , 420 768, 514 582, 450 565",
				"type":"primary"
			},

			{
				"pair":"MensDorm Vath",
				"points":"452 1122, 493 1036, 240 900, 220 804, 318 626, 308 611",
				"type":"primary"
			},

			{
				"pair":"MensDorm PrinceBernhardGym",
				"points":"452 1122, 493 1036, 240 900, 220 804, 318 626, 308 622, 268 686, 244 680, 202 660, 212 622, 197 617",
				"type":"primary"
			},

			{
				"pair":"MensDorm CCA",
				"points":"452 1122, 493 1036, 240 900, 220 804, 318 626, 308 622, 268 686, 244 680,202 686, 186 706",
				"type":"primary"
			},

			{
				"pair":"MensDorm SacredHeart",
				"points":"452 1122, 493 1036, 240 900,260 876, 300 868",
				"type":"primary"
			},

			{
				"pair":"MensDorm Hahn",
				"points":"452 1122, 510 1024, 544 968, 480 948, 450 868, 428 838,422 806 , 420 768 453 746",
				"type":"primary"
			},

			{
				"pair":"MensDorm DB",
				"points":"452 1122, 510 1024, 544 968, 480 948, 450 868, 428 838,422 806 , 420 768 453 746, 471 789, 484 819",
				"type":"primary"
			},

			{
				"pair":"Silang StudentCouncil",
				"points":"297 325, 361 473, 357 523, 374 541, 348 586, 395 623, 465 666, 448 720, 400 814, 456 868, 480 943, 544 972, 510 1024, 468 1110, 453 1106",
				"type":"primary"
			},

			{
				"pair":"StudentCouncil Perfecto",
				"points":"453 1106, 510 1024, 544 968, 480 948, 450 868, 428 838,422 806 , 420 768, 510 611, 497 576, 363 478, 333 421, 297 325, 297 325, 275 307, 272 289, 281 286, 276 272, 275 265, 288 234, 315 253, 334 244",
				"type":"primary"
			},

			{
				"pair":"StudentCouncil Chapel",
				"points":"453 1106, 510 1024, 544 968, 480 948, 450 868, 428 838,422 806 , 420 768, 510 611, 497 576, 363 478, 333 421, 297 325, 297 325, 275 307, 272 289, 281 286, 276 272, 275 265, 288 234, 299 222",
				"type":"primary"
			},
			
			{
				"pair":"StudentCouncil DH",
				"points":"453 1106, 510 1024, 544 968, 480 948, 450 868, 428 838,422 806 , 420 768, 510 611, 497 576, 363 478, 333 421, 297 325, 297 325, 275 307, 272 289, 281 286, 276 272, 275 265, 288 234, 265 213, 282 182",
				"type":"primary"
			},

			{
				"pair":"StudentCouncil Aden",
				"points":"453 1106, 510 1024, 544 968, 480 948, 450 868, 428 838,422 806 , 420 768, 514 582, 446 544, 474 506",
				"type":"primary"
			},

			{
				"pair":"StudentCouncil Rizal",
				"points":"453 1106, 510 1024, 544 968, 480 948, 450 868, 428 838,422 806 , 420 768, 514 582, 450 565",
				"type":"primary"
			},

			{
				"pair":"StudentCouncil Vath",
				"points":"453 1106, 493 1036, 240 900, 220 804, 318 626, 308 611",
				"type":"primary"
			},

			{
				"pair":"StudentCouncil PrinceBernhardGym",
				"points":"453 1106, 493 1036, 240 900, 220 804, 318 626, 308 622, 268 686, 244 680, 202 660, 212 622, 197 617",
				"type":"primary"
			},

			{
				"pair":"StudentCouncil CCA",
				"points":"453 1106, 493 1036, 240 900, 220 804, 318 626, 308 622, 268 686, 244 680,202 686, 186 706",
				"type":"primary"
			},

			{
				"pair":"StudentCouncil SacredHeart",
				"points":"453 1106, 493 1036, 240 900,260 876, 300 868",
				"type":"primary"
			},

			{
				"pair":"StudentCouncil Hahn",
				"points":"453 1106, 510 1024, 544 968, 480 948, 450 868, 428 838,422 806 , 420 768 453 746",
				"type":"primary"
			},

			{
				"pair":"StudentCouncil DB",
				"points":"453 1106, 510 1024, 544 968, 480 948, 450 868, 428 838,422 806 , 420 768 453 746, 471 789, 484 819",
				"type":"primary"
			},

			{
				"pair":"Perfecto Chapel",
				"points":"334 244, 328 256, 290 232, 299 222",
				"type":"primary"
			},

			{
				"pair":"Perfecto DH",
				"points":"334 244, 328 256, 290 232,265 213, 282 182",
				"type":"primary"
			},

			{
				"pair":"Chapel DH",
				"points":"299 222,287 228, 267 216, 282 182",
				"type":"primary"
			},

			{
				"pair":"MainGate Silang",
				"points":"141 206, 190 231, 217 249, 233 264, 244 288, 230 292, 231 296, 239 293",
				"type":"primary"
			},

			{
				"pair":"MainGate Perfecto",
				"points":"141 206, 190 231, 217 249, 233 264, 257 267, 285 236, 323 255, 334 244",
				"type":"primary"
			},

			{
				"pair":"MainGate Chapel",
				"points":"141 206, 190 231, 217 249, 233 264, 257 267, 285 236,299 222",
				"type":"primary"
			},

			{
				"pair":"MainGate DH",
				"points":"141 206, 190 231, 217 249, 233 264, 257 267, 285 236, 264 212, 282 182",
				"type":"primary"
			},

			{
				"pair":"MainGate Aden",
				"points":"141 206, 190 231, 217 249, 233 264, 244 284, 230 292,231 296, 239 293, 244 299, 246 303, 297 325, 367 448, 466 513, 474 506",
				"type":"primary"
			},

			{
				"pair":"MainGate Rizal",
				"points":"141 206, 190 231, 217 249, 233 264, 244 284, 230 292,231 296, 239 293, 244 299, 246 303, 297 325, 367 448, 466 513, 436 553",
				"type":"primary"
			},

			{
				"pair":"MainGate PrinceBernhardGym",
				"points":"141 206, 190 231, 217 249, 233 264, 244 284, 230 292,231 296, 239 293, 244 299, 246 303, 236 343, 251 450, 228 544, 210 607, 197 617",
				"type":"primary"
			},

			{
				"pair":"MainGate CCA",
				"points":"141 206, 190 231, 217 249, 233 264, 244 284, 230 292,231 296, 239 293, 244 299, 246 303, 236 343, 251 450, 228 544, 210 607, 202 653, 198 692, 186 706",
				"type":"primary"
			},

			{
				"pair":"MainGate Vath",
				"points":"141 206, 190 231, 217 249, 233 264, 244 284, 230 292,231 296, 239 293, 244 299, 244 299, 246 303, 236 343, 246 532, 267 560",
				"type":"primary"
			},

			{
				"pair":"MainGate SacredHeart",
				"points":"141 206, 190 231, 217 249, 233 264, 244 284, 230 292,231 296, 239 293, 244 299, 246 303, 297 325, 350 456, 365 482, 357 502, 348 520, 372 536, 324 634, 309 648, 336 665, 367 664",
				"type":"primary"
			},

			{
				"pair":"MainGate Hahn",
				"points":"141 206, 190 231, 217 249, 233 264, 244 284, 230 292,231 296, 239 293, 244 299,  246 303, 297 325, 358 465, 386 497, 508 577, 532 611",
				"type":"primary"
			},

			{
				"pair":"MainGate DB",
				"points":"141 206, 190 231, 217 249, 233 264, 244 284, 230 292,231 296, 239 293, 244 299,  246 303, 297 325, 358 465, 386 497, 508 577, 517 586, 445 714, 453 746, 471 789, 484 819",
				"type":"primary"
			},

			{
				"pair":"MainGate MaryMount",
				"points":"141 206, 190 231, 217 249, 233 264, 244 284, 230 292,231 296, 239 293, 244 299, 246 303, 297 325, 358 465, 386 497, 508 577, 517 586, 445 714, 402 789, 440 852, 460 882, 498 906, 536 914, 549 913",
				"type":"primary"
			},

			{
				"pair":"MainGate StudentCouncil",
				"points":"141 206, 190 231, 217 249, 233 264, 244 284, 230 292,231 296, 239 293, 244 299, 246 303, 297 325, 358 465, 386 497, 508 577, 517 586, 445 714, 402 789, 440 852, 460 882, 478 938, 540 974, 510 1024, 453 1106",
				"type":"primary"
			},

			{
				"pair":"MainGate MensDorm",
				"points":"141 206, 190 231, 217 249, 233 264, 244 284, 230 292,231 296, 239 293, 244 299, 246 303, 297 325, 358 465, 386 497, 508 577, 517 586, 445 714, 402 789, 440 852, 460 882, 478 938, 540 974, 510 1024, 452 1122",
				"type":"primary"
			},

			{
				"pair":"Gate5 Silang",
				"points":"510 1024, 542 968, 476 940, 456 862, 397 823, 420 756, 517 585, 444 541, 358 465, 376 386",
				"type":"primary"
			},

			{
				"pair":"Gate5 Perfecto",
				"points":"510 1024, 542 968, 476 940, 456 862, 397 823, 420 756, 517 585, 444 541, 369 472, 462 336, 466 318",
				"type":"primary"
			},

			{
				"pair":"Gate5 Chapel",
				"points":"510 1024, 542 968, 476 940, 456 862, 397 823, 420 756, 517 585, 444 541, 369 472,376 386, 382 358, 318 300, 283 297, 271 280, 255 282, 250 276, 288 229, 299 222 ",
				"type":"primary"
			},

			{
				"pair":"Gate5 DH",
				"points":"510 1024, 542 968, 476 940, 456 862, 397 823, 420 756, 517 585, 444 541, 369 472,376 386, 382 358, 318 300, 283 297, 271 280, 255 282, 250 276, 288 229, 264 210, 282 182",
				"type":"primary"
			},

			{
				"pair":"Gate5 Aden",
				"points":"510 1024, 542 968, 476 940, 456 862, 397 823, 420 756, 517 585, 444 541, 474 506",
				"type":"primary"
			},

			{
				"pair":"Gate5 Rizal",
				"points":"510 1024, 500 1038, 230 900, 222 800, 317 636, 348 586, 384 612, 408 617",
				"type":"primary"
			},

			{
				"pair":"Gate5 PrinceBernhardGym",
				"points":"510 1024, 500 1038, 230 900, 222 800, 317 636, 317 630, 308 628, 273 690, 247 675, 240 684, 201 660, 216 621, 197 617",
				"type":"primary"
			},

			{
				"pair":"Gate5 CCA",
				"points":"510 1024, 500 1038, 230 900, 222 800, 317 636, 317 630, 308 628, 273 690, 247 675, 240 684, 220 672, 186 706",
				"type":"primary"
			},

			{
				"pair":"Gate5 Vath",
				"points":"510 1024, 500 1038, 230 900, 222 800, 324 634, 308 611",
				"type":"primary"
			},

			{
				"pair":"Gate5 SacredHeart",
				"points":"510 1024, 500 1038, 230 900, 244 892, 300 868",
				"type":"primary"
			},

			{
				"pair":"Gate5 Hahn",
				"points":"510 1024, 542 968, 476 940, 456 862, 397 823, 420 756, 453 746",
				"type":"primary"
			},

			{
				"pair":"Gate5 DB",
				"points":"510 1024, 542 968, 476 940, 456 862, 397 823, 420 756, 453 746, 471 789, 484 819",
				"type":"primary"
			},

			{
				"pair":"Gate5 MaryMount",
				"points":"510 1024, 542 968, 476 940, 502 907, 540 912, 549 913",
				"type":"primary"
			},

			{
				"pair":"Gate5 StudentCouncil",
				"points":"510 1024, 453 1106",
				"type":"primary"
			},

			{
				"pair":"Gate5 MensDorm",
				"points":"510 1024, 452 1122",
				"type":"primary"
			},

			{
				"pair":"Gate4 Silang",
				"points":"534 770, 522 760, 602 618, 379 460, 376 386",
				"type":"primary"
			},

			{
				"pair":"Gate4 Perfecto",
				"points":"534 770, 522 760, 602 618, 388 466, 469 330, 466 318",
				"type":"primary"
			},

			{
				"pair":"Gate4 Chapel",
				"points":"534 770, 522 760, 602 618, 496 540, 377 456, 376 386, 387 357, 306 295, 277 287,281 283, 276 280, 266 275, 265 258, 288 230, 299 222",
				"type":"primary"
			},

			{
				"pair":"Gate4 DH",
				"points":"534 770, 522 760, 602 618, 496 540, 377 456, 376 386, 387 357, 306 295, 277 287,281 283, 276 280, 266 275, 265 258, 288 230, 261 212, 282 182",
				"type":"primary"
			},

			{
				"pair":"Gate4 Aden",
				"points":"534 770, 522 760, 602 618, 526 561,548 523, 543 506",
				"type":"primary"
			},

			{
				"pair":"Gate4 Rizal",
				"points":"534 770, 522 760, 602 618, 496 540, 492 542, 551 585, 490 548, 458 527, 436 553",
				"type":"primary"
			},

			{
				"pair":"Gate4 PrinceBernhardGym",
				"points":"534 770, 522 760, 602 618, 496 540, 377 456, 323 442, 286 468, 230 552, 207 608, 197 617",
				"type":"primary"
			},

			{
				"pair":"Gate4 CCA",
				"points":"534 770, 522 760, 602 618, 496 540, 377 456, 323 442, 286 468, 230 552, 207 608, 205 650, 197 681, 186 706",
				"type":"primary"
			},

			{
				"pair":"Gate4 Vath",
				"points":"534 770, 522 760, 602 615, 573 610,532 611,514 621, 471 673, 346 584,324 614, 308 611",
				"type":"primary"
			},

			{
				"pair":"Gate4 SacredHeart",
				"points":"534 770, 522 760, 602 615, 573 610,532 611,514 621, 471 673, 410 785, 396 818, 379 832, 370 829",
				"type":"primary"
			},

			{
				"pair":"Gate4 Hahn",
				"points":"534 770, 522 760, 602 615, 573 610",
				"type":"primary"
			},

			{
				"pair":"Gate4 DB",
				"points":"534 770, 522 760, 602 615, 573 610, 471 789, 484 819",
				"type":"primary"
			},

			{
				"pair":"Gate4 MaryMount",
				"points":"534 770, 522 760, 602 615, 573 610,532 611,514 621, 471 673, 410 785, 396 818, 448 862, 496 907, 540 912, 543 892, 555 891",
				"type":"primary"
			},

			{
				"pair":"Gate4 StudentCouncil",
				"points":"534 770, 522 760, 602 615, 573 610,532 611,514 621, 471 673, 410 785, 396 818, 448 862, 480 939, 541 969, 510 1024, 453 1106",
				"type":"primary"
			},

			{
				"pair":"Gate4 MensDorm",
				"points":"534 770, 522 760, 602 615, 573 610,532 611,514 621, 471 673, 410 785, 396 818, 448 862, 480 939, 541 969, 510 1024, 468 1110, 452 1112",
				"type":"primary"
			},

			{
				"pair":"Gate6 Silang",
				"points":"317 636,375 537, 355 525, 372 484, 297 325",
				"type":"primary"
			},

			{
				"pair":"Gate6 Perfecto",
				"points":"317 636,375 537, 355 525, 372 484, 467 333, 466 318",
				"type":"primary"
			},

			{
				"pair":"Gate6 Chapel",
				"points":"317 636,375 537, 355 525, 372 484, 297 325, 280 288,269 281,258 283,262 262, 285 233, 299 222",
				"type":"primary"
			},

			{
				"pair":"Gate6 DH",
				"points":"317 636,375 537, 355 525, 372 484, 297 325, 280 288,269 281,258 283,262 262, 285 233, 263 216,282 182",
				"type":"primary"
			},

			{
				"pair":"Gate6 Aden",
				"points":"317 636,375 537, 355 525, 363 520, 396 522, 448 525, 474 506",
				"type":"primary"
			},

			{
				"pair":"Gate6 Rizal",
				"points":"317 636,348 586, 395 623, 408 617",
				"type":"primary"
			},

			{
				"pair":"Gate6 PrinceBernhardGym",
				"points":"317 636, 317 630, 308 628, 273 690, 247 675, 240 684, 201 660, 216 621, 197 617",
				"type":"primary"
			},

			{
				"pair":"Gate6 CCA",
				"points":"317 636, 317 630, 308 628, 273 690, 247 675, 240 684, 220 672, 186 706",
				"type":"primary"
			},

			{
				"pair":"Gate6 Vath",
				"points":"317 636, 308 611",
				"type":"primary"
			},

			{
				"pair":"Gate6 SacredHeart",
				"points":"317 636, 306 650,331 661, 343 667, 367 664",
				"type":"primary"
			},

			{
				"pair":"Gate6 Hahn",
				"points":"317 636,348 586, 395 623, 465 666,516 615, 532 611",
				"type":"primary"
			},

			{
				"pair":"Gate6 DB",
				"points":"317 636,348 586, 395 623, 465 666, 448 720, 453 746, 471 789, 484 819",
				"type":"primary"
			},

			{
				"pair":"Gate6 MaryMount",
				"points":"317 636,348 586, 395 623, 465 666, 448 720, 400 814, 456 868, 500 910, 540 913, 549 913",
				"type":"primary"
			},

			{
				"pair":"Gate6 StudentCouncil",
				"points":"317 636,348 586, 395 623, 465 666, 448 720, 400 814, 456 868, 480 943, 544 972, 510 1024, 468 1110, 453 1106",
				"type":"primary"
			},

			{
				"pair":"Gate6 MensDorm",
				"points":"317 636,348 586, 395 623, 465 666, 448 720, 400 814, 456 868, 480 943, 544 972, 510 1024, 468 1110, 452 1112",
				"type":"primary"
			},

			{
				"pair":"PrinceBernhardGym CCA",
				"points":"197 617, 217 620, 204 653, 201 688, 186 706",
				"type":"primary"
			}			
	]
}